,allInPings,assistMePings,assists,baronKills,basicPings,bountyLevel,challenges,champExperience,champLevel,championId,championName,championTransform,commandPings,consumablesPurchased,damageDealtToBuildings,damageDealtToObjectives,damageDealtToTurrets,damageSelfMitigated,dangerPings,deaths,detectorWardsPlaced,doubleKills,dragonKills,eligibleForProgression,enemyMissingPings,enemyVisionPings,firstBloodAssist,firstBloodKill,firstTowerAssist,firstTowerKill,gameEndedInEarlySurrender,gameEndedInSurrender,getBackPings,goldEarned,goldSpent,holdPings,individualPosition,inhibitorKills,inhibitorTakedowns,inhibitorsLost,item0,item1,item2,item3,item4,item5,item6,itemsPurchased,killingSprees,kills,lane,largestCriticalStrike,largestKillingSpree,largestMultiKill,longestTimeSpentLiving,magicDamageDealt,magicDamageDealtToChampions,magicDamageTaken,missions,needVisionPings,neutralMinionsKilled,nexusKills,nexusLost,nexusTakedowns,objectivesStolen,objectivesStolenAssists,onMyWayPings,participantId,pentaKills,perks,physicalDamageDealt,physicalDamageDealtToChampions,physicalDamageTaken,placement,playerAugment1,playerAugment2,playerAugment3,playerAugment4,playerSubteamId,profileIcon,pushPings,puuid,quadraKills,riotIdGameName,riotIdTagline,role,sightWardsBoughtInGame,spell1Casts,spell2Casts,spell3Casts,spell4Casts,subteamPlacement,summoner1Casts,summoner1Id,summoner2Casts,summoner2Id,summonerId,summonerLevel,summonerName,teamEarlySurrendered,teamId,teamPosition,timeCCingOthers,timePlayed,totalAllyJungleMinionsKilled,totalDamageDealt,totalDamageDealtToChampions,totalDamageShieldedOnTeammates,totalDamageTaken,totalEnemyJungleMinionsKilled,totalHeal,totalHealsOnTeammates,totalMinionsKilled,totalTimeCCDealt,totalTimeSpentDead,totalUnitsHealed,tripleKills,trueDamageDealt,trueDamageDealtToChampions,trueDamageTaken,turretKills,turretTakedowns,turretsLost,unrealKills,visionClearedPings,visionScore,visionWardsBoughtInGame,wardsKilled,wardsPlaced,win
0,0,0,0,0,0,0,"{'12AssistStreakCount': 0, 'InfernalScalePickup': 0, 'abilityUses': 3, 'acesBefore15Minutes': 0, 'alliedJungleMonsterKills': 0, 'baronTakedowns': 0, 'blastConeOppositeOpponentCount': 0, 'bountyGold': 0, 'buffsStolen': 0, 'completeSupportQuestInTime': 0, 'controlWardsPlaced': 0, 'damagePerMinute': 73.558704150537, 'damageTakenOnTeamPercentage': 0.2135061654464768, 'dancedWithRiftHerald': 0, 'deathsByEnemyChamps': 0, 'dodgeSkillShotsSmallWindow': 0, 'doubleAces': 0, 'dragonTakedowns': 0, 'effectiveHealAndShielding': 0, 'elderDragonKillsWithOpposingSoul': 0, 'elderDragonMultikills': 0, 'enemyChampionImmobilizations': 0, 'enemyJungleMonsterKills': 0, 'epicMonsterKillsNearEnemyJungler': 0, 'epicMonsterKillsWithin30SecondsOfSpawn': 0, 'epicMonsterSteals': 0, 'epicMonsterStolenWithoutSmite': 0, 'firstTurretKilled': 0, 'fistBumpParticipation': 0, 'flawlessAces': 0, 'fullTeamTakedown': 0, 'gameLength': 107.49939059500001, 'getTakedownsInAllLanesEarlyJungleAsLaner': 0, 'goldPerMinute': 279.0713494648904, 'hadOpenNexus': 0, 'highestChampionDamage': 1, 'immobilizeAndKillWithAlly': 0, 'initialBuffCount': 0, 'initialCrabCount': 0, 'jungleCsBefore10Minutes': 0, 'junglerTakedownsNearDamagedEpicMonster': 0, 'kTurretsDestroyedBeforePlatesFall': 0, 'kda': 0, 'killAfterHiddenWithAlly': 0, 'killedChampTookFullTeamDamageSurvived': 0, 'killingSprees': 0, 'killsNearEnemyTurret': 0, 'killsOnOtherLanesEarlyJungleAsLaner': 0, 'killsOnRecentlyHealedByAramPack': 0, 'killsUnderOwnTurret': 0, 'killsWithHelpFromEpicMonster': 0, 'knockEnemyIntoTeamAndKill': 0, 'landSkillShotsEarlyGame': 0, 'laneMinionsFirst10Minutes': 0, 'legendaryCount': 0, 'legendaryItemUsed': [], 'lostAnInhibitor': 0, 'maxKillDeficit': 0, 'mejaisFullStackInTime': 0, 'moreEnemyJungleThanOpponent': 0, 'multiKillOneSpell': 0, 'multiTurretRiftHeraldCount': 0, 'multikills': 0, 'multikillsAfterAggressiveFlash': 0, 'outerTurretExecutesBefore10Minutes': 0, 'outnumberedKills': 0, 'outnumberedNexusKill': 0, 'perfectDragonSoulsTaken': 0, 'perfectGame': 0, 'pickKillWithAlly': 0, 'poroExplosions': 0, 'quickCleanse': 0, 'quickFirstTurret': 0, 'quickSoloKills': 0, 'riftHeraldTakedowns': 0, 'saveAllyFromDeath': 0, 'scuttleCrabKills': 0, 'skillshotsDodged': 0, 'skillshotsHit': 0, 'snowballsHit': 0, 'soloBaronKills': 0, 'soloKills': 0, 'stealthWardsPlaced': 0, 'survivedSingleDigitHpCount': 0, 'survivedThreeImmobilizesInFight': 0, 'takedownOnFirstTurret': 0, 'takedowns': 0, 'takedownsAfterGainingLevelAdvantage': 0, 'takedownsBeforeJungleMinionSpawn': 0, 'takedownsFirstXMinutes': 0, 'takedownsInAlcove': 0, 'takedownsInEnemyFountain': 0, 'teamBaronKills': 0, 'teamDamagePercentage': 1, 'teamElderDragonKills': 0, 'teamRiftHeraldKills': 0, 'tookLargeDamageSurvived': 0, 'turretPlatesTaken': 0, 'turretTakedowns': 0, 'turretsTakenWithRiftHerald': 0, 'twentyMinionsIn3SecondsCount': 0, 'twoWardsOneSweeperCount': 0, 'unseenRecalls': 0, 'visionScorePerMinute': 0, 'voidMonsterKill': 0, 'wardTakedowns': 0, 'wardTakedownsBefore20M': 0, 'wardsGuarded': 0}",0,1,266,Aatrox,0,0,1,0,0,0,38,0,0,0,0,0,False,0,0,False,False,False,False,True,False,0,500,500,0,TOP,0,0,0,1054,2003,0,0,0,0,3340,2,0,0,NONE,0,0,0,0,25,25,0,"{'playerScore0': 0, 'playerScore1': 0, 'playerScore2': 0, 'playerScore3': 0, 'playerScore4': 0, 'playerScore5': 0, 'playerScore6': 0, 'playerScore7': 0, 'playerScore8': 0, 'playerScore9': 0, 'playerScore10': 0, 'playerScore11': 0}",0,0,0,0,0,0,0,0,1,0,"{'statPerks': {'defense': 5001, 'flex': 5008, 'offense': 5008}, 'styles': [{'description': 'primaryStyle', 'selections': [{'perk': 8010, 'var1': 0, 'var2': 0, 'var3': 0}, {'perk': 9111, 'var1': 0, 'var2': 0, 'var3': 0}, {'perk': 9105, 'var1': 0, 'var2': 0, 'var3': 0}, {'perk': 8299, 'var1': 0, 'var2': 0, 'var3': 0}], 'style': 8000}, {'description': 'subStyle', 'selections': [{'perk': 8473, 'var1': 14, 'var2': 0, 'var3': 0}, {'perk': 8453, 'var1': 1, 'var2': 0, 'var3': 0}], 'style': 8400}]}",106,106,69,0,0,0,0,0,0,7,0,sSv8m32ogSAoch6WmWicTWmYAn7FAlAyXtYdqYA6djIv_RQseCfW5JK1T6GQm2Yp3uwhnguVvf8uLg,0,JEONG HOON,KR96,SUPPORT,0,3,0,0,0,0,1,4,0,12,RZISwEOhgmSKN1vHbsYALQrFY5pDDhtrOMBV2by2kW4BHHs,310,NOOH GNUJ,True,100,TOP,0,107,0,131,131,0,97,0,12,0,0,0,0,1,0,0,0,28,0,0,0,0,0,0,0,0,0,False
0,0,0,0,0,0,0,"{'12AssistStreakCount': 0, 'InfernalScalePickup': 0, 'abilityUses': 2, 'acesBefore15Minutes': 0, 'alliedJungleMonsterKills': 0, 'baronTakedowns': 0, 'blastConeOppositeOpponentCount': 0, 'bountyGold': 0, 'buffsStolen': 0, 'completeSupportQuestInTime': 0, 'controlWardsPlaced': 0, 'damagePerMinute': 0, 'damageTakenOnTeamPercentage': 0.7864938345535232, 'dancedWithRiftHerald': 0, 'deathsByEnemyChamps': 0, 'dodgeSkillShotsSmallWindow': 0, 'doubleAces': 0, 'dragonTakedowns': 0, 'effectiveHealAndShielding': 0, 'elderDragonKillsWithOpposingSoul': 0, 'elderDragonMultikills': 0, 'enemyChampionImmobilizations': 0, 'enemyJungleMonsterKills': 0, 'epicMonsterKillsNearEnemyJungler': 0, 'epicMonsterKillsWithin30SecondsOfSpawn': 0, 'epicMonsterSteals': 0, 'epicMonsterStolenWithoutSmite': 0, 'firstTurretKilled': 0, 'fistBumpParticipation': 0, 'flawlessAces': 0, 'fullTeamTakedown': 0, 'gameLength': 107.49939059500001, 'goldPerMinute': 279.0713494648904, 'hadOpenNexus': 0, 'immobilizeAndKillWithAlly': 0, 'initialBuffCount': 0, 'initialCrabCount': 0, 'jungleCsBefore10Minutes': 0, 'junglerKillsEarlyJungle': 0, 'junglerTakedownsNearDamagedEpicMonster': 0, 'kTurretsDestroyedBeforePlatesFall': 0, 'kda': 0, 'killAfterHiddenWithAlly': 0, 'killedChampTookFullTeamDamageSurvived': 0, 'killingSprees': 0, 'killsNearEnemyTurret': 0, 'killsOnLanersEarlyJungleAsJungler': 0, 'killsOnRecentlyHealedByAramPack': 0, 'killsUnderOwnTurret': 0, 'killsWithHelpFromEpicMonster': 0, 'knockEnemyIntoTeamAndKill': 0, 'landSkillShotsEarlyGame': 0, 'laneMinionsFirst10Minutes': 0, 'legendaryCount': 0, 'legendaryItemUsed': [], 'lostAnInhibitor': 0, 'maxKillDeficit': 0, 'mejaisFullStackInTime': 0, 'moreEnemyJungleThanOpponent': -4, 'multiKillOneSpell': 0, 'multiTurretRiftHeraldCount': 0, 'multikills': 0, 'multikillsAfterAggressiveFlash': 0, 'outerTurretExecutesBefore10Minutes': 0, 'outnumberedKills': 0, 'outnumberedNexusKill': 0, 'perfectDragonSoulsTaken': 0, 'perfectGame': 0, 'pickKillWithAlly': 0, 'poroExplosions': 0, 'quickCleanse': 0, 'quickFirstTurret': 0, 'quickSoloKills': 0, 'riftHeraldTakedowns': 0, 'saveAllyFromDeath': 0, 'scuttleCrabKills': 0, 'skillshotsDodged': 0, 'skillshotsHit': 0, 'snowballsHit': 0, 'soloBaronKills': 0, 'soloKills': 0, 'stealthWardsPlaced': 0, 'survivedSingleDigitHpCount': 0, 'survivedThreeImmobilizesInFight': 0, 'takedownOnFirstTurret': 0, 'takedowns': 0, 'takedownsAfterGainingLevelAdvantage': 0, 'takedownsBeforeJungleMinionSpawn': 0, 'takedownsFirstXMinutes': 0, 'takedownsInAlcove': 0, 'takedownsInEnemyFountain': 0, 'teamBaronKills': 0, 'teamDamagePercentage': 0, 'teamElderDragonKills': 0, 'teamRiftHeraldKills': 0, 'tookLargeDamageSurvived': 0, 'turretPlatesTaken': 0, 'turretTakedowns': 0, 'turretsTakenWithRiftHerald': 0, 'twentyMinionsIn3SecondsCount': 0, 'twoWardsOneSweeperCount': 0, 'unseenRecalls': 0, 'visionScorePerMinute': 0, 'voidMonsterKill': 0, 'wardTakedowns': 0, 'wardTakedownsBefore20M': 0, 'wardsGuarded': 0}",0,1,131,Diana,0,0,1,0,0,0,111,0,0,0,0,0,False,0,0,False,False,False,False,True,False,0,500,500,0,JUNGLE,0,0,0,1101,2003,0,0,0,0,3340,2,0,0,NONE,0,0,0,0,310,0,0,"{'playerScore0': 0, 'playerScore1': 0, 'playerScore2': 0, 'playerScore3': 0, 'playerScore4': 0, 'playerScore5': 0, 'playerScore6': 0, 'playerScore7': 0, 'playerScore8': 0, 'playerScore9': 0, 'playerScore10': 0, 'playerScore11': 0}",0,0,0,0,0,0,0,0,2,0,"{'statPerks': {'defense': 5001, 'flex': 5008, 'offense': 5005}, 'styles': [{'description': 'primaryStyle', 'selections': [{'perk': 8010, 'var1': 0, 'var2': 0, 'var3': 0}, {'perk': 9111, 'var1': 0, 'var2': 0, 'var3': 0}, {'perk': 9104, 'var1': 0, 'var2': 0, 'var3': 0}, {'perk': 8014, 'var1': 0, 'var2': 0, 'var3': 0}], 'style': 8000}, {'description': 'subStyle', 'selections': [{'perk': 8304, 'var1': 0, 'var2': 0, 'var3': 0}, {'perk': 8347, 'var1': 0, 'var2': 0, 'var3': 0}], 'style': 8300}]}",451,0,359,0,0,0,0,0,0,5408,0,XNal33oDl3OMWQIvlUlrEn1wCzNhOfkn711CihyziBSYLhzKTzFhQi4FgJrNqjNka6ZM_bmwXiorkA,0,나는야 근육몬,KR1,SUPPORT,0,2,0,0,0,0,1,11,1,4,wt9HG9XAL72VVWTu5yLr4nI7qen2Gmvy0iLymnV0_fuAnyc,292,나는야 근육몬,True,100,JUNGLE,0,107,0,1576,0,0,359,0,140,0,0,0,0,1,0,813,0,0,0,0,0,0,0,0,0,0,0,False
0,0,0,0,0,0,0,"{'12AssistStreakCount': 0, 'InfernalScalePickup': 0, 'abilityUses': 0, 'acesBefore15Minutes': 0, 'alliedJungleMonsterKills': 0, 'baronTakedowns': 0, 'blastConeOppositeOpponentCount': 0, 'bountyGold': 0, 'buffsStolen': 0, 'completeSupportQuestInTime': 0, 'controlWardsPlaced': 0, 'damagePerMinute': 0, 'damageTakenOnTeamPercentage': 0, 'dancedWithRiftHerald': 0, 'deathsByEnemyChamps': 0, 'dodgeSkillShotsSmallWindow': 0, 'doubleAces': 0, 'dragonTakedowns': 0, 'effectiveHealAndShielding': 0, 'elderDragonKillsWithOpposingSoul': 0, 'elderDragonMultikills': 0, 'enemyChampionImmobilizations': 0, 'enemyJungleMonsterKills': 0, 'epicMonsterKillsNearEnemyJungler': 0, 'epicMonsterKillsWithin30SecondsOfSpawn': 0, 'epicMonsterSteals': 0, 'epicMonsterStolenWithoutSmite': 0, 'firstTurretKilled': 0, 'fistBumpParticipation': 0, 'flawlessAces': 0, 'fullTeamTakedown': 0, 'gameLength': 107.49939059500001, 'getTakedownsInAllLanesEarlyJungleAsLaner': 0, 'goldPerMinute': 279.0713494648904, 'hadOpenNexus': 0, 'immobilizeAndKillWithAlly': 0, 'initialBuffCount': 0, 'initialCrabCount': 0, 'jungleCsBefore10Minutes': 0, 'junglerTakedownsNearDamagedEpicMonster': 0, 'kTurretsDestroyedBeforePlatesFall': 0, 'kda': 0, 'killAfterHiddenWithAlly': 0, 'killedChampTookFullTeamDamageSurvived': 0, 'killingSprees': 0, 'killsNearEnemyTurret': 0, 'killsOnOtherLanesEarlyJungleAsLaner': 0, 'killsOnRecentlyHealedByAramPack': 0, 'killsUnderOwnTurret': 0, 'killsWithHelpFromEpicMonster': 0, 'knockEnemyIntoTeamAndKill': 0, 'landSkillShotsEarlyGame': 0, 'laneMinionsFirst10Minutes': 0, 'legendaryCount': 0, 'legendaryItemUsed': [], 'lostAnInhibitor': 0, 'maxKillDeficit': 0, 'mejaisFullStackInTime': 0, 'moreEnemyJungleThanOpponent': 0, 'multiKillOneSpell': 0, 'multiTurretRiftHeraldCount': 0, 'multikills': 0, 'multikillsAfterAggressiveFlash': 0, 'outerTurretExecutesBefore10Minutes': 0, 'outnumberedKills': 0, 'outnumberedNexusKill': 0, 'perfectDragonSoulsTaken': 0, 'perfectGame': 0, 'pickKillWithAlly': 0, 'poroExplosions': 0, 'quickCleanse': 0, 'quickFirstTurret': 0, 'quickSoloKills': 0, 'riftHeraldTakedowns': 0, 'saveAllyFromDeath': 0, 'scuttleCrabKills': 0, 'skillshotsDodged': 0, 'skillshotsHit': 0, 'snowballsHit': 0, 'soloBaronKills': 0, 'soloKills': 0, 'stealthWardsPlaced': 0, 'survivedSingleDigitHpCount': 0, 'survivedThreeImmobilizesInFight': 0, 'takedownOnFirstTurret': 0, 'takedowns': 0, 'takedownsAfterGainingLevelAdvantage': 0, 'takedownsBeforeJungleMinionSpawn': 0, 'takedownsFirstXMinutes': 0, 'takedownsInAlcove': 0, 'takedownsInEnemyFountain': 0, 'teamBaronKills': 0, 'teamDamagePercentage': 0, 'teamElderDragonKills': 0, 'teamRiftHeraldKills': 0, 'tookLargeDamageSurvived': 0, 'turretPlatesTaken': 0, 'turretTakedowns': 0, 'turretsTakenWithRiftHerald': 0, 'twentyMinionsIn3SecondsCount': 0, 'twoWardsOneSweeperCount': 0, 'unseenRecalls': 0, 'visionScorePerMinute': 0, 'voidMonsterKill': 0, 'wardTakedowns': 0, 'wardTakedownsBefore20M': 0, 'wardsGuarded': 0}",0,1,90,Malzahar,0,0,0,0,0,0,0,0,0,0,0,0,False,0,0,False,False,False,False,True,False,0,500,0,0,MIDDLE,0,0,0,0,0,0,0,0,0,0,0,0,0,NONE,0,0,0,0,0,0,0,"{'playerScore0': 0, 'playerScore1': 0, 'playerScore2': 0, 'playerScore3': 0, 'playerScore4': 0, 'playerScore5': 0, 'playerScore6': 0, 'playerScore7': 0, 'playerScore8': 0, 'playerScore9': 0, 'playerScore10': 0, 'playerScore11': 0}",0,0,0,0,0,0,0,0,3,0,"{'statPerks': {'defense': 5001, 'flex': 5008, 'offense': 5008}, 'styles': [{'description': 'primaryStyle', 'selections': [{'perk': 8229, 'var1': 0, 'var2': 0, 'var3': 0}, {'perk': 8226, 'var1': 0, 'var2': 0, 'var3': 0}, {'perk': 8210, 'var1': 0, 'var2': 0, 'var3': 0}, {'perk': 8236, 'var1': 0, 'var2': 0, 'var3': 0}], 'style': 8200}, {'description': 'subStyle', 'selections': [{'perk': 8138, 'var1': 0, 'var2': 0, 'var3': 0}, {'perk': 8105, 'var1': 0, 'var2': 0, 'var3': 0}], 'style': 0}]}",0,0,0,0,0,0,0,0,0,5799,0,931wK_bnlY3XXD3uDFWR-uDjpAxdB0I8AHj7tmtPKYpW5u009SaszIKvEOKd7Itxoi5ss2USlbY_LQ,0,한번쯤우연히,KR1,SUPPORT,0,0,0,0,0,0,0,12,0,4,IevI5gGAq3iiK-NxL-t2Z_FBAz6TRePviwyXS5POjNahlv9uCL5h0x9xKw,242,한번쯤우연히,True,100,MIDDLE,0,107,0,0,0,0,0,0,0,0,0,0,0,0,0,0,0,0,0,0,0,0,0,0,0,0,0,False
0,0,0,0,0,0,0,"{'12AssistStreakCount': 0, 'InfernalScalePickup': 0, 'abilityUses': 1, 'acesBefore15Minutes': 0, 'alliedJungleMonsterKills': 1, 'baronTakedowns': 0, 'blastConeOppositeOpponentCount': 0, 'bountyGold': 0, 'buffsStolen': 0, 'completeSupportQuestInTime': 0, 'controlWardsPlaced': 0, 'damagePerMinute': 0, 'damageTakenOnTeamPercentage': 0, 'dancedWithRiftHerald': 0, 'deathsByEnemyChamps': 0, 'dodgeSkillShotsSmallWindow': 0, 'doubleAces': 0, 'dragonTakedowns': 0, 'effectiveHealAndShielding': 0, 'elderDragonKillsWithOpposingSoul': 0, 'elderDragonMultikills': 0, 'enemyChampionImmobilizations': 0, 'enemyJungleMonsterKills': 0, 'epicMonsterKillsNearEnemyJungler': 0, 'epicMonsterKillsWithin30SecondsOfSpawn': 0, 'epicMonsterSteals': 0, 'epicMonsterStolenWithoutSmite': 0, 'firstTurretKilled': 0, 'fistBumpParticipation': 0, 'flawlessAces': 0, 'fullTeamTakedown': 0, 'gameLength': 107.49939059500001, 'getTakedownsInAllLanesEarlyJungleAsLaner': 0, 'goldPerMinute': 329.3041923685707, 'hadOpenNexus': 0, 'immobilizeAndKillWithAlly': 0, 'initialBuffCount': 1, 'initialCrabCount': 0, 'jungleCsBefore10Minutes': 4, 'junglerTakedownsNearDamagedEpicMonster': 0, 'kTurretsDestroyedBeforePlatesFall': 0, 'kda': 0, 'killAfterHiddenWithAlly': 0, 'killedChampTookFullTeamDamageSurvived': 0, 'killingSprees': 0, 'killsNearEnemyTurret': 0, 'killsOnOtherLanesEarlyJungleAsLaner': 0, 'killsOnRecentlyHealedByAramPack': 0, 'killsUnderOwnTurret': 0, 'killsWithHelpFromEpicMonster': 0, 'knockEnemyIntoTeamAndKill': 0, 'landSkillShotsEarlyGame': 0, 'laneMinionsFirst10Minutes': 0, 'legendaryCount': 0, 'legendaryItemUsed': [], 'lostAnInhibitor': 0, 'maxKillDeficit': 0, 'mejaisFullStackInTime': 0, 'moreEnemyJungleThanOpponent': 0, 'multiKillOneSpell': 0, 'multiTurretRiftHeraldCount': 0, 'multikills': 0, 'multikillsAfterAggressiveFlash': 0, 'outerTurretExecutesBefore10Minutes': 0, 'outnumberedKills': 0, 'outnumberedNexusKill': 0, 'perfectDragonSoulsTaken': 0, 'perfectGame': 0, 'pickKillWithAlly': 0, 'poroExplosions': 0, 'quickCleanse': 0, 'quickFirstTurret': 0, 'quickSoloKills': 0, 'riftHeraldTakedowns': 0, 'saveAllyFromDeath': 0, 'scuttleCrabKills': 0, 'skillshotsDodged': 0, 'skillshotsHit': 0, 'snowballsHit': 0, 'soloBaronKills': 0, 'soloKills': 0, 'stealthWardsPlaced': 0, 'survivedSingleDigitHpCount': 0, 'survivedThreeImmobilizesInFight': 0, 'takedownOnFirstTurret': 0, 'takedowns': 0, 'takedownsAfterGainingLevelAdvantage': 0, 'takedownsBeforeJungleMinionSpawn': 0, 'takedownsFirstXMinutes': 0, 'takedownsInAlcove': 0, 'takedownsInEnemyFountain': 0, 'teamBaronKills': 0, 'teamDamagePercentage': 0, 'teamElderDragonKills': 0, 'teamRiftHeraldKills': 0, 'tookLargeDamageSurvived': 0, 'turretPlatesTaken': 0, 'turretTakedowns': 0, 'turretsTakenWithRiftHerald': 0, 'twentyMinionsIn3SecondsCount': 0, 'twoWardsOneSweeperCount': 0, 'unseenRecalls': 0, 'visionScorePerMinute': 0, 'voidMonsterKill': 0, 'wardTakedowns': 0, 'wardTakedownsBefore20M': 0, 'wardsGuarded': 0}",95,1,498,Xayah,0,0,1,0,0,0,0,0,0,0,0,0,False,0,0,False,False,False,False,True,False,0,590,500,0,BOTTOM,0,0,0,1055,2003,0,0,0,0,3340,2,0,0,NONE,0,0,0,0,0,0,0,"{'playerScore0': 0, 'playerScore1': 0, 'playerScore2': 0, 'playerScore3': 0, 'playerScore4': 0, 'playerScore5': 0, 'playerScore6': 0, 'playerScore7': 0, 'playerScore8': 0, 'playerScore9': 0, 'playerScore10': 0, 'playerScore11': 0}",0,4,0,0,0,0,0,0,4,0,"{'statPerks': {'defense': 5001, 'flex': 5008, 'offense': 5005}, 'styles': [{'description': 'primaryStyle', 'selections': [{'perk': 8005, 'var1': 0, 'var2': 0, 'var3': 0}, {'perk': 8009, 'var1': 0, 'var2': 0, 'var3': 0}, {'perk': 9103, 'var1': 0, 'var2': 0, 'var3': 0}, {'perk': 8014, 'var1': 0, 'var2': 0, 'var3': 0}], 'style': 8000}, {'description': 'subStyle', 'selections': [{'perk': 8304, 'var1': 0, 'var2': 0, 'var3': 0}, {'perk': 8345, 'var1': 0, 'var2': 0, 'var3': 0}], 'style': 8300}]}",445,0,0,0,0,0,0,0,0,3540,0,iX_U3--9qLxr0QHqbFwMexgUt06ivnn2Sl9kJ2altpcLxQvU6sMxZY98RG24lZgf-j8Bui7zH3Km3A,0,김수민02,KR1,SUPPORT,0,1,0,0,0,0,1,6,1,4,-SMI-H-6n9sMeacw31rnpd5h_hqYczKuO9C8TuLyLfgdl5g,275,김수민02,True,100,BOTTOM,0,107,4,445,0,0,0,0,0,0,0,0,0,0,0,0,0,0,0,0,0,0,0,0,0,0,0,False
0,0,0,0,0,0,0,"{'12AssistStreakCount': 0, 'InfernalScalePickup': 0, 'abilityUses': 3, 'acesBefore15Minutes': 0, 'alliedJungleMonsterKills': 0, 'baronTakedowns': 0, 'blastConeOppositeOpponentCount': 0, 'bountyGold': 0, 'buffsStolen': 0, 'completeSupportQuestInTime': 0, 'controlWardsPlaced': 0, 'damagePerMinute': 0, 'damageTakenOnTeamPercentage': 0, 'dancedWithRiftHerald': 0, 'deathsByEnemyChamps': 0, 'dodgeSkillShotsSmallWindow': 0, 'doubleAces': 0, 'dragonTakedowns': 0, 'effectiveHealAndShielding': 0, 'elderDragonKillsWithOpposingSoul': 0, 'elderDragonMultikills': 0, 'enemyChampionImmobilizations': 0, 'enemyJungleMonsterKills': 0, 'epicMonsterKillsNearEnemyJungler': 0, 'epicMonsterKillsWithin30SecondsOfSpawn': 0, 'epicMonsterSteals': 0, 'epicMonsterStolenWithoutSmite': 0, 'firstTurretKilled': 0, 'fistBumpParticipation': 0, 'flawlessAces': 0, 'fullTeamTakedown': 0, 'gameLength': 107.49939059500001, 'getTakedownsInAllLanesEarlyJungleAsLaner': 0, 'goldPerMinute': 279.0713494648904, 'hadOpenNexus': 0, 'immobilizeAndKillWithAlly': 0, 'initialBuffCount': 0, 'initialCrabCount': 0, 'jungleCsBefore10Minutes': 0, 'junglerTakedownsNearDamagedEpicMonster': 0, 'kTurretsDestroyedBeforePlatesFall': 0, 'kda': 0, 'killAfterHiddenWithAlly': 0, 'killedChampTookFullTeamDamageSurvived': 0, 'killingSprees': 0, 'killsNearEnemyTurret': 0, 'killsOnOtherLanesEarlyJungleAsLaner': 0, 'killsOnRecentlyHealedByAramPack': 0, 'killsUnderOwnTurret': 0, 'killsWithHelpFromEpicMonster': 0, 'knockEnemyIntoTeamAndKill': 0, 'landSkillShotsEarlyGame': 0, 'laneMinionsFirst10Minutes': 0, 'legendaryCount': 0, 'legendaryItemUsed': [], 'lostAnInhibitor': 0, 'maxKillDeficit': 0, 'mejaisFullStackInTime': 0, 'moreEnemyJungleThanOpponent': 0, 'multiKillOneSpell': 0, 'multiTurretRiftHeraldCount': 0, 'multikills': 0, 'multikillsAfterAggressiveFlash': 0, 'outerTurretExecutesBefore10Minutes': 0, 'outnumberedKills': 0, 'outnumberedNexusKill': 0, 'perfectDragonSoulsTaken': 0, 'perfectGame': 0, 'pickKillWithAlly': 0, 'poroExplosions': 0, 'quickCleanse': 0, 'quickFirstTurret': 0, 'quickSoloKills': 0, 'riftHeraldTakedowns': 0, 'saveAllyFromDeath': 0, 'scuttleCrabKills': 0, 'skillshotsDodged': 0, 'skillshotsHit': 0, 'snowballsHit': 0, 'soloBaronKills': 0, 'soloKills': 0, 'stealthWardsPlaced': 0, 'survivedSingleDigitHpCount': 0, 'survivedThreeImmobilizesInFight': 0, 'takedownOnFirstTurret': 0, 'takedowns': 0, 'takedownsAfterGainingLevelAdvantage': 0, 'takedownsBeforeJungleMinionSpawn': 0, 'takedownsFirstXMinutes': 0, 'takedownsInAlcove': 0, 'takedownsInEnemyFountain': 0, 'teamBaronKills': 0, 'teamDamagePercentage': 0, 'teamElderDragonKills': 0, 'teamRiftHeraldKills': 0, 'tookLargeDamageSurvived': 0, 'turretPlatesTaken': 0, 'turretTakedowns': 0, 'turretsTakenWithRiftHerald': 0, 'twentyMinionsIn3SecondsCount': 0, 'twoWardsOneSweeperCount': 0, 'unseenRecalls': 0, 'visionScorePerMinute': 0, 'voidMonsterKill': 0, 'wardTakedowns': 0, 'wardTakedownsBefore20M': 0, 'wardsGuarded': 0}",0,1,161,Velkoz,0,0,2,0,0,0,0,0,0,0,0,0,False,0,0,False,False,False,False,True,False,0,500,500,0,UTILITY,0,0,0,2003,3865,0,0,0,0,3340,3,0,0,NONE,0,0,0,0,67,0,0,"{'playerScore0': 0, 'playerScore1': 0, 'playerScore2': 0, 'playerScore3': 0, 'playerScore4': 0, 'playerScore5': 0, 'playerScore6': 0, 'playerScore7': 0, 'playerScore8': 0, 'playerScore9': 0, 'playerScore10': 0, 'playerScore11': 0}",0,0,0,0,0,0,0,0,5,0,"{'statPerks': {'defense': 5001, 'flex': 5008, 'offense': 5008}, 'styles': [{'description': 'primaryStyle', 'selections': [{'perk': 8229, 'var1': 0, 'var2': 0, 'var3': 0}, {'perk': 8226, 'var1': 0, 'var2': 0, 'var3': 0}, {'perk': 8210, 'var1': 0, 'var2': 0, 'var3': 0}, {'perk': 8237, 'var1': 0, 'var2': 0, 'var3': 0}], 'style': 8200}, {'description': 'subStyle', 'selections': [{'perk': 8345, 'var1': 0, 'var2': 0, 'var3': 0}, {'perk': 8347, 'var1': 0, 'var2': 0, 'var3': 0}], 'style': 8300}]}",232,0,0,0,0,0,0,0,0,4378,0,3CBHDVtdmjdBqfaCDIxTljzYt5tMR2dNtMXsQcHH0I2xPsDr9eiH-NQNbL89b3SIoDwD9_8t7P_nww,0,흥두부,KR3,SUPPORT,0,3,0,0,0,0,1,4,0,14,sOMeOSVbaAS0Q73kk8-ehqOoxtUMam9f6Ii9F_npcKcneR0,38,90261620del,True,100,UTILITY,0,107,0,300,0,0,0,0,0,0,0,1,0,0,0,0,0,0,0,0,0,0,0,0,0,0,0,False
0,0,0,0,0,0,0,"{'12AssistStreakCount': 0, 'InfernalScalePickup': 0, 'abilityUses': 1, 'acesBefore15Minutes': 0, 'alliedJungleMonsterKills': 0, 'baronTakedowns': 0, 'blastConeOppositeOpponentCount': 0, 'bountyGold': 0, 'buffsStolen': 0, 'completeSupportQuestInTime': 0, 'controlWardsPlaced': 0, 'damagePerMinute': 54.416490178157204, 'damageTakenOnTeamPercentage': 0.3397469589413502, 'dancedWithRiftHerald': 0, 'deathsByEnemyChamps': 0, 'dodgeSkillShotsSmallWindow': 0, 'doubleAces': 0, 'dragonTakedowns': 0, 'effectiveHealAndShielding': 0, 'elderDragonKillsWithOpposingSoul': 0, 'elderDragonMultikills': 0, 'enemyChampionImmobilizations': 0, 'enemyJungleMonsterKills': 0, 'epicMonsterKillsNearEnemyJungler': 0, 'epicMonsterKillsWithin30SecondsOfSpawn': 0, 'epicMonsterSteals': 0, 'epicMonsterStolenWithoutSmite': 0, 'firstTurretKilled': 0, 'fistBumpParticipation': 0, 'flawlessAces': 0, 'fullTeamTakedown': 0, 'gameLength': 107.49939059500001, 'getTakedownsInAllLanesEarlyJungleAsLaner': 0, 'goldPerMinute': 279.0713494648904, 'hadOpenNexus': 0, 'immobilizeAndKillWithAlly': 0, 'initialBuffCount': 0, 'initialCrabCount': 0, 'jungleCsBefore10Minutes': 0, 'junglerTakedownsNearDamagedEpicMonster': 0, 'kTurretsDestroyedBeforePlatesFall': 0, 'kda': 0, 'killAfterHiddenWithAlly': 0, 'killedChampTookFullTeamDamageSurvived': 0, 'killingSprees': 0, 'killsNearEnemyTurret': 0, 'killsOnOtherLanesEarlyJungleAsLaner': 0, 'killsOnRecentlyHealedByAramPack': 0, 'killsUnderOwnTurret': 0, 'killsWithHelpFromEpicMonster': 0, 'knockEnemyIntoTeamAndKill': 0, 'landSkillShotsEarlyGame': 0, 'laneMinionsFirst10Minutes': 0, 'legendaryCount': 0, 'legendaryItemUsed': [], 'lostAnInhibitor': 0, 'maxKillDeficit': 0, 'mejaisFullStackInTime': 0, 'moreEnemyJungleThanOpponent': 0, 'multiKillOneSpell': 0, 'multiTurretRiftHeraldCount': 0, 'multikills': 0, 'multikillsAfterAggressiveFlash': 0, 'outerTurretExecutesBefore10Minutes': 0, 'outnumberedKills': 0, 'outnumberedNexusKill': 0, 'perfectDragonSoulsTaken': 0, 'perfectGame': 1, 'pickKillWithAlly': 0, 'poroExplosions': 0, 'quickCleanse': 0, 'quickFirstTurret': 0, 'quickSoloKills': 0, 'riftHeraldTakedowns': 0, 'saveAllyFromDeath': 0, 'scuttleCrabKills': 0, 'skillshotsDodged': 0, 'skillshotsHit': 0, 'snowballsHit': 0, 'soloBaronKills': 0, 'soloKills': 0, 'stealthWardsPlaced': 0, 'survivedSingleDigitHpCount': 0, 'survivedThreeImmobilizesInFight': 0, 'takedownOnFirstTurret': 0, 'takedowns': 0, 'takedownsAfterGainingLevelAdvantage': 0, 'takedownsBeforeJungleMinionSpawn': 0, 'takedownsFirstXMinutes': 0, 'takedownsInAlcove': 0, 'takedownsInEnemyFountain': 0, 'teamBaronKills': 0, 'teamDamagePercentage': 1, 'teamElderDragonKills': 0, 'teamRiftHeraldKills': 0, 'tookLargeDamageSurvived': 0, 'turretPlatesTaken': 0, 'turretTakedowns': 0, 'turretsTakenWithRiftHerald': 0, 'twentyMinionsIn3SecondsCount': 0, 'twoWardsOneSweeperCount': 0, 'unseenRecalls': 0, 'visionScorePerMinute': 0, 'voidMonsterKill': 0, 'wardTakedowns': 0, 'wardTakedownsBefore20M': 0, 'wardsGuarded': 0}",0,1,164,Camille,0,0,1,0,0,0,76,0,0,0,0,0,False,0,0,False,False,False,False,True,False,0,500,500,0,TOP,0,0,0,1055,2003,0,0,0,0,3340,2,0,0,NONE,0,0,0,0,0,0,25,"{'playerScore0': 0, 'playerScore1': 0, 'playerScore2': 0, 'playerScore3': 0, 'playerScore4': 0, 'playerScore5': 0, 'playerScore6': 0, 'playerScore7': 0, 'playerScore8': 0, 'playerScore9': 0, 'playerScore10': 0, 'playerScore11': 0}",0,0,0,0,0,0,0,0,6,0,"{'statPerks': {'defense': 5011, 'flex': 5008, 'offense': 5008}, 'styles': [{'description': 'primaryStyle', 'selections': [{'perk': 8005, 'var1': 0, 'var2': 0, 'var3': 0}, {'perk': 9101, 'var1': 0, 'var2': 0, 'var3': 0}, {'perk': 9104, 'var1': 0, 'var2': 0, 'var3': 0}, {'perk': 8017, 'var1': 6, 'var2': 0, 'var3': 0}], 'style': 8000}, {'description': 'subStyle', 'selections': [{'perk': 8226, 'var1': 0, 'var2': 0, 'var3': 0}, {'perk': 8237, 'var1': 0, 'var2': 0, 'var3': 0}], 'style': 8200}]}",69,69,159,0,0,0,0,0,0,28,0,ZkVlEHJgUR5zPOtHw4Vco6IVXUlxONTujvfFbVIQaKSVJ_MWqHjZ-rG_4flQufHqSyJTbnvLCn_ExQ,0,무적캡틴사우루스,777,SUPPORT,0,0,0,1,0,0,0,12,1,14,VG7l4d0352QGc-piAZow88ZSUaBrgj9r_Y6dkXCHTOQd-38,60,머가뤼띵,False,200,TOP,0,107,0,97,97,0,185,0,2,0,0,0,0,1,0,28,28,0,0,0,0,0,0,0,0,0,0,True
0,0,0,0,0,0,0,"{'12AssistStreakCount': 0, 'InfernalScalePickup': 0, 'abilityUses': 2, 'acesBefore15Minutes': 0, 'alliedJungleMonsterKills': 1, 'baronTakedowns': 0, 'blastConeOppositeOpponentCount': 0, 'bountyGold': 0, 'buffsStolen': 0, 'completeSupportQuestInTime': 0, 'controlWardsPlaced': 0, 'damagePerMinute': 0, 'damageTakenOnTeamPercentage': 0.6602530410586498, 'dancedWithRiftHerald': 0, 'deathsByEnemyChamps': 0, 'dodgeSkillShotsSmallWindow': 0, 'doubleAces': 0, 'dragonTakedowns': 0, 'effectiveHealAndShielding': 0, 'elderDragonKillsWithOpposingSoul': 0, 'elderDragonMultikills': 0, 'enemyChampionImmobilizations': 0, 'enemyJungleMonsterKills': 0, 'epicMonsterKillsNearEnemyJungler': 0, 'epicMonsterKillsWithin30SecondsOfSpawn': 0, 'epicMonsterSteals': 0, 'epicMonsterStolenWithoutSmite': 0, 'firstTurretKilled': 0, 'fistBumpParticipation': 0, 'flawlessAces': 0, 'fullTeamTakedown': 0, 'gameLength': 107.49939059500001, 'goldPerMinute': 329.3041923685707, 'hadOpenNexus': 0, 'immobilizeAndKillWithAlly': 0, 'initialBuffCount': 1, 'initialCrabCount': 0, 'jungleCsBefore10Minutes': 4, 'junglerKillsEarlyJungle': 0, 'junglerTakedownsNearDamagedEpicMonster': 0, 'kTurretsDestroyedBeforePlatesFall': 0, 'kda': 0, 'killAfterHiddenWithAlly': 0, 'killedChampTookFullTeamDamageSurvived': 0, 'killingSprees': 0, 'killsNearEnemyTurret': 0, 'killsOnLanersEarlyJungleAsJungler': 0, 'killsOnRecentlyHealedByAramPack': 0, 'killsUnderOwnTurret': 0, 'killsWithHelpFromEpicMonster': 0, 'knockEnemyIntoTeamAndKill': 0, 'landSkillShotsEarlyGame': 0, 'laneMinionsFirst10Minutes': 0, 'legendaryCount': 0, 'legendaryItemUsed': [], 'lostAnInhibitor': 0, 'maxKillDeficit': 0, 'mejaisFullStackInTime': 0, 'moreEnemyJungleThanOpponent': 0, 'multiKillOneSpell': 0, 'multiTurretRiftHeraldCount': 0, 'multikills': 0, 'multikillsAfterAggressiveFlash': 0, 'outerTurretExecutesBefore10Minutes': 0, 'outnumberedKills': 0, 'outnumberedNexusKill': 0, 'perfectDragonSoulsTaken': 0, 'perfectGame': 1, 'pickKillWithAlly': 0, 'poroExplosions': 0, 'quickCleanse': 0, 'quickFirstTurret': 0, 'quickSoloKills': 0, 'riftHeraldTakedowns': 0, 'saveAllyFromDeath': 0, 'scuttleCrabKills': 0, 'skillshotsDodged': 0, 'skillshotsHit': 0, 'snowballsHit': 0, 'soloBaronKills': 0, 'soloKills': 0, 'stealthWardsPlaced': 0, 'survivedSingleDigitHpCount': 0, 'survivedThreeImmobilizesInFight': 0, 'takedownOnFirstTurret': 0, 'takedowns': 0, 'takedownsAfterGainingLevelAdvantage': 0, 'takedownsBeforeJungleMinionSpawn': 0, 'takedownsFirstXMinutes': 0, 'takedownsInAlcove': 0, 'takedownsInEnemyFountain': 0, 'teamBaronKills': 0, 'teamDamagePercentage': 0, 'teamElderDragonKills': 0, 'teamRiftHeraldKills': 0, 'tookLargeDamageSurvived': 0, 'turretPlatesTaken': 0, 'turretTakedowns': 0, 'turretsTakenWithRiftHerald': 0, 'twentyMinionsIn3SecondsCount': 0, 'twoWardsOneSweeperCount': 0, 'unseenRecalls': 0, 'visionScorePerMinute': 0, 'voidMonsterKill': 0, 'wardTakedowns': 0, 'wardTakedownsBefore20M': 0, 'wardsGuarded': 0}",325,2,11,MasterYi,0,0,1,0,0,0,118,0,0,0,0,0,False,0,0,False,False,False,False,True,False,0,590,500,0,JUNGLE,0,0,0,1102,2003,0,0,0,0,3340,2,0,0,NONE,0,0,0,0,0,0,0,"{'playerScore0': 0, 'playerScore1': 0, 'playerScore2': 0, 'playerScore3': 0, 'playerScore4': 0, 'playerScore5': 0, 'playerScore6': 0, 'playerScore7': 0, 'playerScore8': 0, 'playerScore9': 0, 'playerScore10': 0, 'playerScore11': 0}",0,4,0,0,0,0,0,0,7,0,"{'statPerks': {'defense': 5001, 'flex': 5008, 'offense': 5005}, 'styles': [{'description': 'primaryStyle', 'selections': [{'perk': 9923, 'var1': 0, 'var2': 0, 'var3': 0}, {'perk': 8143, 'var1': 0, 'var2': 0, 'var3': 0}, {'perk': 8138, 'var1': 0, 'var2': 0, 'var3': 0}, {'perk': 8105, 'var1': 0, 'var2': 0, 'var3': 0}], 'style': 8100}, {'description': 'subStyle', 'selections': [{'perk': 9104, 'var1': 0, 'var2': 0, 'var3': 0}, {'perk': 9111, 'var1': 0, 'var2': 0, 'var3': 0}], 'style': 8000}]}",922,0,359,0,0,0,0,0,0,6516,0,mP863FQQTMHfshwolzVm6v8EITJQSSNY87zcGmyfNb96bWNbp_iSqp8RXkfHC4v7ZddFtR5U4QuWpg,0,엄마쟤흙먹어영,KR1,SUPPORT,0,1,1,0,0,0,1,11,1,4,QpNFTgwjXgtCfa1VkPUflLJfl0AvejPw5etpO3gwGRLqiQ,399,엄마쟤흙먹어영,False,200,JUNGLE,0,107,4,1751,0,0,359,0,244,0,0,0,0,1,0,829,0,0,0,0,0,0,0,0,0,0,0,True
0,0,0,0,0,0,0,"{'12AssistStreakCount': 0, 'InfernalScalePickup': 0, 'abilityUses': 2, 'acesBefore15Minutes': 0, 'alliedJungleMonsterKills': 0, 'baronTakedowns': 0, 'blastConeOppositeOpponentCount': 0, 'bountyGold': 0, 'buffsStolen': 0, 'completeSupportQuestInTime': 0, 'controlWardsPlaced': 0, 'damagePerMinute': 0, 'damageTakenOnTeamPercentage': 0, 'dancedWithRiftHerald': 0, 'deathsByEnemyChamps': 0, 'dodgeSkillShotsSmallWindow': 0, 'doubleAces': 0, 'dragonTakedowns': 0, 'effectiveHealAndShielding': 0, 'elderDragonKillsWithOpposingSoul': 0, 'elderDragonMultikills': 0, 'enemyChampionImmobilizations': 0, 'enemyJungleMonsterKills': 0, 'epicMonsterKillsNearEnemyJungler': 0, 'epicMonsterKillsWithin30SecondsOfSpawn': 0, 'epicMonsterSteals': 0, 'epicMonsterStolenWithoutSmite': 0, 'firstTurretKilled': 0, 'fistBumpParticipation': 0, 'flawlessAces': 0, 'fullTeamTakedown': 0, 'gameLength': 107.49939059500001, 'getTakedownsInAllLanesEarlyJungleAsLaner': 0, 'goldPerMinute': 302.5133428199412, 'hadOpenNexus': 0, 'immobilizeAndKillWithAlly': 0, 'initialBuffCount': 0, 'initialCrabCount': 0, 'jungleCsBefore10Minutes': 0, 'junglerTakedownsNearDamagedEpicMonster': 0, 'kTurretsDestroyedBeforePlatesFall': 0, 'kda': 0, 'killAfterHiddenWithAlly': 0, 'killedChampTookFullTeamDamageSurvived': 0, 'killingSprees': 0, 'killsNearEnemyTurret': 0, 'killsOnOtherLanesEarlyJungleAsLaner': 0, 'killsOnRecentlyHealedByAramPack': 0, 'killsUnderOwnTurret': 0, 'killsWithHelpFromEpicMonster': 0, 'knockEnemyIntoTeamAndKill': 0, 'landSkillShotsEarlyGame': 0, 'laneMinionsFirst10Minutes': 2, 'legendaryCount': 0, 'legendaryItemUsed': [], 'lostAnInhibitor': 0, 'maxKillDeficit': 0, 'mejaisFullStackInTime': 0, 'moreEnemyJungleThanOpponent': 0, 'multiKillOneSpell': 0, 'multiTurretRiftHeraldCount': 0, 'multikills': 0, 'multikillsAfterAggressiveFlash': 0, 'outerTurretExecutesBefore10Minutes': 0, 'outnumberedKills': 0, 'outnumberedNexusKill': 0, 'perfectDragonSoulsTaken': 0, 'perfectGame': 1, 'pickKillWithAlly': 0, 'poroExplosions': 0, 'quickCleanse': 0, 'quickFirstTurret': 0, 'quickSoloKills': 0, 'riftHeraldTakedowns': 0, 'saveAllyFromDeath': 0, 'scuttleCrabKills': 0, 'skillshotsDodged': 0, 'skillshotsHit': 0, 'snowballsHit': 0, 'soloBaronKills': 0, 'soloKills': 0, 'stealthWardsPlaced': 1, 'survivedSingleDigitHpCount': 0, 'survivedThreeImmobilizesInFight': 0, 'takedownOnFirstTurret': 0, 'takedowns': 0, 'takedownsAfterGainingLevelAdvantage': 0, 'takedownsBeforeJungleMinionSpawn': 0, 'takedownsFirstXMinutes': 0, 'takedownsInAlcove': 0, 'takedownsInEnemyFountain': 0, 'teamBaronKills': 0, 'teamDamagePercentage': 0, 'teamElderDragonKills': 0, 'teamRiftHeraldKills': 0, 'tookLargeDamageSurvived': 0, 'turretPlatesTaken': 0, 'turretTakedowns': 0, 'turretsTakenWithRiftHerald': 0, 'twentyMinionsIn3SecondsCount': 0, 'twoWardsOneSweeperCount': 0, 'unseenRecalls': 0, 'visionScorePerMinute': 0.1891286448954602, 'voidMonsterKill': 0, 'wardTakedowns': 0, 'wardTakedownsBefore20M': 0, 'wardsGuarded': 0}",185,1,517,Sylas,0,0,3,0,0,0,0,0,0,0,0,0,False,1,0,False,False,False,False,True,False,0,542,500,0,MIDDLE,0,0,0,2003,1054,0,0,0,0,3340,5,0,0,NONE,0,0,0,0,405,0,0,"{'playerScore0': 0, 'playerScore1': 0, 'playerScore2': 0, 'playerScore3': 0, 'playerScore4': 0, 'playerScore5': 0, 'playerScore6': 0, 'playerScore7': 0, 'playerScore8': 0, 'playerScore9': 0, 'playerScore10': 0, 'playerScore11': 0}",0,0,0,0,0,0,0,0,8,0,"{'statPerks': {'defense': 5001, 'flex': 5008, 'offense': 5008}, 'styles': [{'description': 'primaryStyle', 'selections': [{'perk': 8112, 'var1': 0, 'var2': 0, 'var3': 0}, {'perk': 8143, 'var1': 0, 'var2': 0, 'var3': 0}, {'perk': 8138, 'var1': 0, 'var2': 0, 'var3': 0}, {'perk': 8105, 'var1': 0, 'var2': 0, 'var3': 0}], 'style': 8100}, {'description': 'subStyle', 'selections': [{'perk': 8237, 'var1': 0, 'var2': 0, 'var3': 0}, {'perk': 8210, 'var1': 0, 'var2': 0, 'var3': 0}], 'style': 8200}]}",142,0,0,0,0,0,0,0,0,4764,0,_UzzCEHJtl6DnvwuQbHaDcafGCOSP8BYE9WJTxrZ-YGgvSlnUIYcuKlkKTvqAyVOv5YcbgNjOkRDgw,0,이거이거 실화냐,KR1,SUPPORT,0,0,0,2,0,0,1,4,0,12,RZ7K4AuB3PP6JRiSl758fNl2JHgHaw3cC_XCuvV7lMp4IRo,49,이거이거 실화냐,False,200,MIDDLE,0,107,0,547,0,0,0,0,0,0,2,0,0,0,0,0,0,0,0,0,0,0,0,0,0,0,1,True
0,0,0,0,0,0,0,"{'12AssistStreakCount': 0, 'InfernalScalePickup': 0, 'abilityUses': 0, 'acesBefore15Minutes': 0, 'alliedJungleMonsterKills': 0, 'baronTakedowns': 0, 'blastConeOppositeOpponentCount': 0, 'bountyGold': 0, 'buffsStolen': 0, 'completeSupportQuestInTime': 0, 'controlWardsPlaced': 0, 'damagePerMinute': 0, 'damageTakenOnTeamPercentage': 0, 'dancedWithRiftHerald': 0, 'deathsByEnemyChamps': 0, 'dodgeSkillShotsSmallWindow': 0, 'doubleAces': 0, 'dragonTakedowns': 0, 'effectiveHealAndShielding': 0, 'elderDragonKillsWithOpposingSoul': 0, 'elderDragonMultikills': 0, 'enemyChampionImmobilizations': 0, 'enemyJungleMonsterKills': 0, 'epicMonsterKillsNearEnemyJungler': 0, 'epicMonsterKillsWithin30SecondsOfSpawn': 0, 'epicMonsterSteals': 0, 'epicMonsterStolenWithoutSmite': 0, 'firstTurretKilled': 0, 'fistBumpParticipation': 0, 'flawlessAces': 0, 'fullTeamTakedown': 0, 'gameLength': 107.49939059500001, 'getTakedownsInAllLanesEarlyJungleAsLaner': 0, 'goldPerMinute': 279.0713494648904, 'hadOpenNexus': 0, 'immobilizeAndKillWithAlly': 0, 'initialBuffCount': 0, 'initialCrabCount': 0, 'jungleCsBefore10Minutes': 0, 'junglerTakedownsNearDamagedEpicMonster': 0, 'kTurretsDestroyedBeforePlatesFall': 0, 'kda': 0, 'killAfterHiddenWithAlly': 0, 'killedChampTookFullTeamDamageSurvived': 0, 'killingSprees': 0, 'killsNearEnemyTurret': 0, 'killsOnOtherLanesEarlyJungleAsLaner': 0, 'killsOnRecentlyHealedByAramPack': 0, 'killsUnderOwnTurret': 0, 'killsWithHelpFromEpicMonster': 0, 'knockEnemyIntoTeamAndKill': 0, 'landSkillShotsEarlyGame': 0, 'laneMinionsFirst10Minutes': 0, 'legendaryCount': 0, 'legendaryItemUsed': [], 'lostAnInhibitor': 0, 'maxKillDeficit': 0, 'mejaisFullStackInTime': 0, 'moreEnemyJungleThanOpponent': 0, 'multiKillOneSpell': 0, 'multiTurretRiftHeraldCount': 0, 'multikills': 0, 'multikillsAfterAggressiveFlash': 0, 'outerTurretExecutesBefore10Minutes': 0, 'outnumberedKills': 0, 'outnumberedNexusKill': 0, 'perfectDragonSoulsTaken': 0, 'perfectGame': 1, 'pickKillWithAlly': 0, 'poroExplosions': 0, 'quickCleanse': 0, 'quickFirstTurret': 0, 'quickSoloKills': 0, 'riftHeraldTakedowns': 0, 'saveAllyFromDeath': 0, 'scuttleCrabKills': 0, 'skillshotsDodged': 0, 'skillshotsHit': 0, 'snowballsHit': 0, 'soloBaronKills': 0, 'soloKills': 0, 'stealthWardsPlaced': 1, 'survivedSingleDigitHpCount': 0, 'survivedThreeImmobilizesInFight': 0, 'takedownOnFirstTurret': 0, 'takedowns': 0, 'takedownsAfterGainingLevelAdvantage': 0, 'takedownsBeforeJungleMinionSpawn': 0, 'takedownsFirstXMinutes': 0, 'takedownsInAlcove': 0, 'takedownsInEnemyFountain': 0, 'teamBaronKills': 0, 'teamDamagePercentage': 0, 'teamElderDragonKills': 0, 'teamRiftHeraldKills': 0, 'tookLargeDamageSurvived': 0, 'turretPlatesTaken': 0, 'turretTakedowns': 0, 'turretsTakenWithRiftHerald': 0, 'twentyMinionsIn3SecondsCount': 0, 'twoWardsOneSweeperCount': 0, 'unseenRecalls': 0, 'visionScorePerMinute': 0.5764741087736478, 'voidMonsterKill': 0, 'wardTakedowns': 0, 'wardTakedownsBefore20M': 0, 'wardsGuarded': 0}",0,1,222,Jinx,0,0,1,0,0,0,0,0,0,0,0,0,False,0,2,False,False,False,False,True,False,0,500,500,0,BOTTOM,0,0,0,1055,2003,0,0,0,0,3340,2,0,0,NONE,0,0,0,0,0,0,0,"{'playerScore0': 0, 'playerScore1': 0, 'playerScore2': 0, 'playerScore3': 0, 'playerScore4': 0, 'playerScore5': 0, 'playerScore6': 0, 'playerScore7': 0, 'playerScore8': 0, 'playerScore9': 0, 'playerScore10': 0, 'playerScore11': 0}",0,0,0,0,0,0,0,0,9,0,"{'statPerks': {'defense': 5011, 'flex': 5008, 'offense': 5005}, 'styles': [{'description': 'primaryStyle', 'selections': [{'perk': 8021, 'var1': 0, 'var2': 0, 'var3': 0}, {'perk': 8009, 'var1': 0, 'var2': 0, 'var3': 0}, {'perk': 9103, 'var1': 0, 'var2': 0, 'var3': 0}, {'perk': 8014, 'var1': 0, 'var2': 0, 'var3': 0}], 'style': 8000}, {'description': 'subStyle', 'selections': [{'perk': 8233, 'var1': 0, 'var2': 0, 'var3': 0}, {'perk': 8236, 'var1': 0, 'var2': 0, 'var3': 0}], 'style': 8200}]}",321,0,0,0,0,0,0,0,0,5766,0,y30CNsRvVqVAYP0mLzwPaenjdn3bOgGrkyuqgYSxyJ3pn9ahRSA_cK1ifVtLHU6JxqXJlBLWOv3kUA,0,상도빠니보틀,곽튜브,SUPPORT,0,0,0,0,0,0,1,4,1,6,j2jt5C1NttYFv836VO12vDU0cixeMKmF6_iuP3tr5zmXS9Q,323,덕스닮은덱스,False,200,BOTTOM,0,107,0,321,0,0,0,0,0,0,0,0,0,0,0,0,0,0,0,0,0,0,0,1,0,0,1,True
0,0,0,0,0,0,0,"{'12AssistStreakCount': 0, 'InfernalScalePickup': 0, 'abilityUses': 1, 'acesBefore15Minutes': 0, 'alliedJungleMonsterKills': 0, 'baronTakedowns': 0, 'blastConeOppositeOpponentCount': 0, 'bountyGold': 0, 'buffsStolen': 0, 'completeSupportQuestInTime': 0, 'controlWardsPlaced': 0, 'damagePerMinute': 0, 'damageTakenOnTeamPercentage': 0, 'dancedWithRiftHerald': 0, 'deathsByEnemyChamps': 0, 'dodgeSkillShotsSmallWindow': 0, 'doubleAces': 0, 'dragonTakedowns': 0, 'effectiveHealAndShielding': 0, 'elderDragonKillsWithOpposingSoul': 0, 'elderDragonMultikills': 0, 'enemyChampionImmobilizations': 0, 'enemyJungleMonsterKills': 0, 'epicMonsterKillsNearEnemyJungler': 0, 'epicMonsterKillsWithin30SecondsOfSpawn': 0, 'epicMonsterSteals': 0, 'epicMonsterStolenWithoutSmite': 0, 'firstTurretKilled': 0, 'fistBumpParticipation': 0, 'flawlessAces': 0, 'fullTeamTakedown': 0, 'gameLength': 107.49939059500001, 'getTakedownsInAllLanesEarlyJungleAsLaner': 0, 'goldPerMinute': 279.0713494648904, 'hadOpenNexus': 0, 'immobilizeAndKillWithAlly': 0, 'initialBuffCount': 0, 'initialCrabCount': 0, 'jungleCsBefore10Minutes': 0, 'junglerTakedownsNearDamagedEpicMonster': 0, 'kTurretsDestroyedBeforePlatesFall': 0, 'kda': 0, 'killAfterHiddenWithAlly': 0, 'killedChampTookFullTeamDamageSurvived': 0, 'killingSprees': 0, 'killsNearEnemyTurret': 0, 'killsOnOtherLanesEarlyJungleAsLaner': 0, 'killsOnRecentlyHealedByAramPack': 0, 'killsUnderOwnTurret': 0, 'killsWithHelpFromEpicMonster': 0, 'knockEnemyIntoTeamAndKill': 0, 'landSkillShotsEarlyGame': 0, 'laneMinionsFirst10Minutes': 0, 'legendaryCount': 0, 'legendaryItemUsed': [], 'lostAnInhibitor': 0, 'maxKillDeficit': 0, 'mejaisFullStackInTime': 0, 'moreEnemyJungleThanOpponent': 0, 'multiKillOneSpell': 0, 'multiTurretRiftHeraldCount': 0, 'multikills': 0, 'multikillsAfterAggressiveFlash': 0, 'outerTurretExecutesBefore10Minutes': 0, 'outnumberedKills': 0, 'outnumberedNexusKill': 0, 'perfectDragonSoulsTaken': 0, 'perfectGame': 1, 'pickKillWithAlly': 0, 'poroExplosions': 0, 'quickCleanse': 0, 'quickFirstTurret': 0, 'quickSoloKills': 0, 'riftHeraldTakedowns': 0, 'saveAllyFromDeath': 0, 'scuttleCrabKills': 0, 'skillshotsDodged': 0, 'skillshotsHit': 0, 'snowballsHit': 0, 'soloBaronKills': 0, 'soloKills': 0, 'stealthWardsPlaced': 1, 'survivedSingleDigitHpCount': 0, 'survivedThreeImmobilizesInFight': 0, 'takedownOnFirstTurret': 0, 'takedowns': 0, 'takedownsAfterGainingLevelAdvantage': 0, 'takedownsBeforeJungleMinionSpawn': 0, 'takedownsFirstXMinutes': 0, 'takedownsInAlcove': 0, 'takedownsInEnemyFountain': 0, 'teamBaronKills': 0, 'teamDamagePercentage': 0, 'teamElderDragonKills': 0, 'teamRiftHeraldKills': 0, 'tookLargeDamageSurvived': 0, 'turretPlatesTaken': 0, 'turretTakedowns': 0, 'turretsTakenWithRiftHerald': 0, 'twentyMinionsIn3SecondsCount': 0, 'twoWardsOneSweeperCount': 0, 'unseenRecalls': 0, 'visionScorePerMinute': 0.015116506289861343, 'voidMonsterKill': 0, 'wardTakedowns': 0, 'wardTakedownsBefore20M': 0, 'wardsGuarded': 0}",0,1,16,Soraka,0,0,2,0,0,0,0,0,0,0,0,0,False,0,0,False,False,False,False,True,False,0,500,500,0,UTILITY,0,0,0,2003,3865,0,0,0,0,3340,4,0,0,NONE,0,0,0,0,64,0,0,"{'playerScore0': 0, 'playerScore1': 0, 'playerScore2': 0, 'playerScore3': 0, 'playerScore4': 0, 'playerScore5': 0, 'playerScore6': 0, 'playerScore7': 0, 'playerScore8': 0, 'playerScore9': 0, 'playerScore10': 0, 'playerScore11': 0}",0,0,0,0,0,0,0,0,10,0,"{'statPerks': {'defense': 5001, 'flex': 5008, 'offense': 5008}, 'styles': [{'description': 'primaryStyle', 'selections': [{'perk': 8465, 'var1': 0, 'var2': 0, 'var3': 0}, {'perk': 8463, 'var1': 0, 'var2': 0, 'var3': 0}, {'perk': 8473, 'var1': 0, 'var2': 0, 'var3': 0}, {'perk': 8453, 'var1': 8, 'var2': 0, 'var3': 0}], 'style': 8400}, {'description': 'subStyle', 'selections': [{'perk': 8345, 'var1': 0, 'var2': 0, 'var3': 0}, {'perk': 8347, 'var1': 0, 'var2': 0, 'var3': 0}], 'style': 8300}]}",176,0,0,0,0,0,0,0,0,6298,0,S55qGaDaijm-5DQ2mNbp_0OToQelX55IvY5nupL4kumxiJaOtqqiD85JZENtwPG5fDMIIvmuF4Un3A,0,탈모박사,KR1,SUPPORT,0,1,0,0,0,0,1,4,1,7,rikzY5qy_KCGRGIimmU-vVWv8v7sgFtlmKCTLD8gwzupvg,248,탈모박사,False,200,UTILITY,0,107,0,240,0,0,0,0,0,0,0,1,0,0,0,0,0,0,0,0,0,0,0,0,0,0,1,True
